Date,Temperature1,Humidity1,Temperature2,Humidity2,Soil Moisture,VOC,CO2
"22-02-23,12:06:20,",21.26153964,56.98161288,21.28824292,55.72655833,79.07377737,0,593.4517212
"22-02-23,12:06:22,",21.27756161,56.96063172,21.28023194,55.67315175,79.0920882,0,594.0408325
"22-02-23,12:06:24,",21.27756161,56.96826123,21.28557259,55.67887388,79.08293278,0,594.1439819
"22-02-23,12:06:27,",21.27222095,56.98352026,21.29358358,55.68078126,79.01121538,0,594.0217285
"22-02-23,12:06:29,",21.28824292,56.96635386,21.29892424,55.68841077,78.98374914,0,593.8446655
"22-02-23,12:06:31,",21.29091325,57.00640879,21.26153964,55.72655833,78.98680095,0,593.7748413
"22-02-23,12:06:34,",21.28824292,57.00640879,21.28557259,55.73037308,78.97917144,0,593.9871216
"22-02-23,12:06:36,",21.27222095,57.02929732,21.29625391,55.74753948,79.01426719,0,594.2913208
"22-02-23,12:06:38,",21.29358358,56.99496452,21.28290227,55.71892882,79.06004425,0,594.6381836
"22-02-23,12:06:41,",21.3042649,56.96826123,21.29625391,55.70366979,79.03868162,0,594.8457031
"22-02-23,12:06:43,",21.29892424,57.06363012,21.29625391,55.73800259,79.03410391,0,594.9074097
"22-02-23,12:06:45,",21.31761654,57.17425803,21.31761654,55.76852064,79.0966659,16812,594.7632446
"22-02-23,12:06:48,",21.30159457,57.22575723,21.33630884,55.8486305,79.07835508,24271,595.0531616
"22-02-23,12:06:50,",21.33096818,57.1857023,21.33363851,55.80285344,79.02952621,6684,595.3352051
"22-02-23,12:06:52,",21.31227588,57.17616541,21.35767147,55.82383459,79.02037079,2858,595.4033203
"22-02-23,12:06:55,",21.3229572,57.14183261,21.33363851,55.82192721,79.00053407,1940,595.5016479
"22-02-23,12:06:57,",21.33363851,57.09796292,21.33630884,55.79331655,78.99748226,1267,595.3417358
"22-02-23,12:06:59,",21.31494621,57.0483711,21.33096818,55.77805753,78.98680095,942,595.5681152
"22-02-23,12:07:02,",21.33897917,57.45273518,21.35233082,55.78568704,78.97459373,741,595.2670288
"22-02-23,12:07:04,",21.33096818,57.53856718,21.3416495,55.95353628,78.98222324,536,595.8297119
"22-02-23,12:07:06,",21.34431983,57.48134585,21.35500114,56.01838712,78.93186847,390,595.7282715
"22-02-23,12:07:09,",21.32562753,57.52140078,21.37369345,56.01838712,78.92423896,277,595.6253052
"22-02-23,12:07:11,",21.35233082,57.50614176,21.36301213,55.92492561,78.91813535,189,595.8453979
"22-02-23,12:07:13,",21.32562753,57.40123598,21.3790341,55.93636988,78.91813535,136,595.5681152
"22-02-23,12:07:16,",21.3790341,57.78271153,21.49118791,56.80422675,78.90592813,70,594.1187744
"22-02-23,12:07:18,",21.42977035,58.84702831,21.61402304,67.26619364,78.87693599,19,630.7409668
"22-02-23,12:07:20,",21.39505608,59.55466545,21.56862745,72.77660792,78.84031434,0,693.6003418
"22-02-23,12:07:23,",21.443122,60.42442969,21.56328679,73.39841306,78.86930648,0,1388.016968
"22-02-23,12:07:25,",21.42175937,60.64568551,21.5819791,71.57495995,78.87388418,0,3164.067139
"22-02-23,12:07:27,",21.39505608,60.52742809,21.57930877,69.15068284,78.8876173,0,5280.633301
"22-02-23,12:07:30,",21.40573739,59.84077211,21.57396811,66.47081712,78.85557336,0,5420.585449
"22-02-23,12:07:32,",21.38170443,58.86800946,21.54726482,63.94735637,78.89677272,0,5019.632324
"22-02-23,12:07:34,",21.41374838,58.2137789,21.55527581,61.84733349,78.91966125,0,4618.020508
"22-02-23,12:07:37,",21.3790341,57.80560006,21.55794614,60.08491646,78.97917144,0,3907.95874
"22-02-23,12:07:39,",21.40306706,57.55191882,21.55527581,58.7878996,79.04783703,0,3278.634766
"22-02-23,12:07:41,",21.41908904,57.4508278,21.57396811,57.93530175,79.35912108,0,2852.258057
"22-02-23,12:07:44,",21.41374838,57.33447776,21.56061646,57.28679332,80.55237659,0,2600.44043
"22-02-23,12:07:46,",21.40573739,57.32494087,21.57129778,56.84618906,81.70290684,0,2232.76709
"22-02-23,12:07:48,",21.39772641,57.29442283,21.55527581,56.60585946,82.62149996,0,2024.645752
"22-02-23,12:07:50,",21.39505608,57.22957198,21.54459449,56.37315938,83.28526741,0,1708.942505
"22-02-23,12:07:53,",21.38704509,57.22384985,21.54726482,56.25490196,83.73846036,0,1548.176514
"22-02-23,12:07:55,",21.39505608,57.17235065,21.53925383,56.11947814,84.07415885,0,1370.798218
"22-02-23,12:07:57,",21.40573739,57.14564736,21.52857252,55.96688792,84.31219959,0,1117.589722
"22-02-23,12:08:00,",21.39505608,57.06172274,21.52323186,55.86388952,84.58686198,0,1053.982056
"22-02-23,12:08:02,",21.3790341,57.09605554,21.50186923,55.79140917,84.69672694,0,997.1217041
"22-02-23,12:08:04,",21.39772641,57.11322194,21.51255055,55.78187228,84.85542077,0,929.3726196
"22-02-23,12:08:07,",21.39505608,57.05600061,21.50453956,55.8142977,84.99732967,0,846.7921143
"22-02-23,12:08:09,",21.3790341,57.07698177,21.50988022,55.78377966,85.0888838,0,811.7922363
"22-02-23,12:08:11,",21.37369345,57.04646372,21.49118791,55.75516899,85.16212711,0,794.3362427
"22-02-23,12:08:14,",21.36835279,57.05600061,21.47783627,55.70939193,85.23689631,0,768.6693726
"22-02-23,12:08:16,",21.40039673,57.0655375,21.49385824,55.67315175,85.28267338,0,739.3585205
"22-02-23,12:08:18,",21.39772641,57.08842603,21.48317693,55.74944686,85.3635462,0,720.1939087
"22-02-23,12:08:21,",21.38170443,57.14373999,21.45380331,55.71702144,85.42305638,0,713.2536011
"22-02-23,12:08:23,",21.40573739,57.10940719,21.46715496,55.77805753,85.48409247,0,698.565918
"22-02-23,12:08:25,",21.36568246,57.13038834,21.46982528,55.75516899,85.53444724,0,688.1592407
"22-02-23,12:08:28,",21.39772641,57.08842603,21.47249561,55.77233539,85.56649119,0,678.9821167
"22-02-23,12:08:30,",21.39772641,57.09796292,21.47516594,55.75135424,85.63057908,0,673.4019165
"22-02-23,12:08:32,",21.36835279,57.11322194,21.45914397,55.73228046,85.66262303,0,667.7171631
"22-02-23,12:08:34,",21.37102312,57.13229572,21.44846265,55.73037308,85.72213321,0,657.6242676
"22-02-23,12:08:37,",21.35233082,57.1342031,21.45380331,55.78950179,85.73891814,0,653.1803589
"22-02-23,12:08:39,",21.37636378,57.08651865,21.45647364,55.78950179,85.77248798,0,650.4276123
"22-02-23,12:08:41,",21.35233082,57.05600061,21.443122,55.7799649,85.83504997,0,644.2723999
"22-02-23,12:08:44,",21.36301213,57.06172274,21.443122,55.72274357,85.83962768,0,640.7245483
"22-02-23,12:08:46,",21.35233082,57.07888914,21.443122,55.73037308,85.82589456,0,640.842041
"22-02-23,12:08:48,",21.35233082,57.10559243,21.43244068,55.74753948,85.86861982,0,638.6499634
"22-02-23,12:08:51,",21.37102312,57.16281376,21.43244068,55.75135424,85.91287098,0,632.6507568
"22-02-23,12:08:53,",21.36301213,57.14755474,21.42442969,55.76661326,85.93575952,0,628.3859253
"22-02-23,12:08:55,",21.34699016,57.09033341,21.41374838,55.77805753,85.98306249,0,625.673584
"22-02-23,12:08:58,",21.35767147,57.0998703,21.41641871,55.74944686,85.99679561,0,624.9805908
"22-02-23,12:09:00,",21.33630884,57.11322194,21.39772641,55.75898375,86.01510643,0,623.2818604
"22-02-23,12:09:02,",21.34699016,57.08651865,21.41908904,55.76089113,86.01052873,0,623.2235718
"22-02-23,12:09:05,",21.34966049,57.05218585,21.43511101,55.7799649,86.05172808,0,622.3984375
"22-02-23,12:09:07,",21.34966049,57.04264897,21.40573739,55.75135424,86.03341726,0,622.0914917
"22-02-23,12:09:09,",21.35233082,56.98161288,21.38704509,55.7456321,86.0639353,0,621.7029419
"22-02-23,12:09:11,",21.35500114,56.98161288,21.40039673,55.73418784,86.09140154,0,618.4574585
"22-02-23,12:09:14,",21.37636378,56.97589075,21.41908904,55.68078126,86.10055695,0,616.3460083
"22-02-23,12:09:16,",21.36568246,56.94346532,21.39505608,55.69222553,85.24147402,0,616.7653809
"22-02-23,12:09:18,",21.3790341,56.9282063,21.43244068,55.65789273,86.23941405,0,615.7473145
"22-02-23,12:09:21,",21.37102312,56.94155795,21.43778134,55.65026322,89.0623331,0,613.3148193
"22-02-23,12:09:23,",21.36835279,56.9797055,21.42175937,55.67505913,91.93408103,0,612.2495728
"22-02-23,12:09:25,",21.38170443,56.98542763,21.42977035,55.66742962,94.24582284,0,611.9908447
"22-02-23,12:09:28,",21.35233082,56.99305715,21.42710002,55.67505913,95.89379721,0,612.1715088
"22-02-23,12:09:30,",21.36835279,57.05790799,21.42710002,55.68459602,96.89478904,0,611.3841553
"22-02-23,12:09:32,",21.36301213,57.08079652,21.443122,55.70939193,97.3540856,0,609.6134033
"22-02-23,12:09:35,",21.39505608,57.09224079,21.43778134,55.73228046,97.25337606,0,608.9690552
"22-02-23,12:09:37,",21.40306706,57.08461128,21.43778134,55.73990997,96.88715953,0,609.5975342
"22-02-23,12:09:39,",21.40573739,57.09033341,21.45647364,55.7456321,96.43244068,0,607.3922119
"22-02-23,12:09:42,",21.40573739,57.07507439,21.47249561,55.76852064,95.8892195,0,607.1182251
"22-02-23,12:09:44,",21.3790341,57.11131456,21.43778134,55.70939193,95.33531701,0,605.6342773
"22-02-23,12:09:46,",21.39505608,57.11894408,21.44045167,55.77805753,94.66544594,0,604.2749023
"22-02-23,12:09:49,",21.39505608,57.12085145,21.44045167,55.73990997,94.01541161,0,604.0684814
"22-02-23,12:09:51,",21.38170443,57.0827039,21.44579232,55.7799649,93.3119707,0,603.5692749
"22-02-23,12:09:53,",21.38704509,57.11512932,21.43778134,55.74944686,92.65278096,0,603.7633057
"22-02-23,12:09:56,",21.37369345,57.08651865,21.44579232,55.74181735,92.08819715,0,603.4025879
"22-02-23,12:09:58,",21.38704509,57.09796292,21.43244068,55.73609522,91.57701991,0,602.1899414
"22-02-23,12:10:00,",21.3603418,57.09224079,21.43511101,55.73228046,91.11772335,0,601.083252
"22-02-23,12:10:03,",21.37102312,57.04646372,21.40573739,55.71892882,90.69810025,0,601.3372803
"22-02-23,12:10:05,",21.3416495,57.05600061,21.39505608,55.71511406,90.3135729,0,602.4634399
"22-02-23,12:10:07,",21.37636378,57.00831617,21.40039673,55.71129931,89.93362325,0,602.5570679
"22-02-23,12:10:10,",21.36835279,56.99496452,21.40039673,55.65407797,89.58571756,0,602.1521606
"22-02-23,12:10:12,",21.37102312,56.9797055,21.37102312,55.64644846,89.27443351,0,601.7199707
"22-02-23,12:10:14,",21.36835279,56.96444648,21.39505608,55.67696651,88.97535668,0,600.7466431
"22-02-23,12:10:17,",21.36301213,56.97779812,21.39505608,55.68841077,88.65644312,0,600.8798828
"22-02-23,12:10:19,",21.35767147,56.99305715,21.40573739,55.69413291,88.37109941,0,599.2227783
"22-02-23,12:10:21,",21.33630884,56.96826123,21.36835279,55.67505913,88.06134127,0,599.5767212
"22-02-23,12:10:24,",21.36568246,56.96826123,21.3790341,55.67887388,87.83703365,0,600.0370483
"22-02-23,12:10:26,",21.3790341,57.07507439,21.37102312,55.69222553,87.5989929,0,600.2624512
"22-02-23,12:10:28,",21.35233082,57.08651865,21.36568246,55.72083619,87.32433051,0,600.3703003
"22-02-23,12:10:31,",21.34699016,57.00640879,21.38971542,55.73418784,87.07103075,0,601.1801147
"22-02-23,12:10:33,",21.3416495,57.01594568,21.3603418,55.69985504,86.77500572,0,601.5421753
"22-02-23,12:10:35,",21.35767147,56.96063172,21.3603418,55.73418784,86.51865415,0,602.2981567
"22-02-23,12:10:38,",21.34966049,56.90913252,21.3603418,55.68078126,86.28061341,0,602.6427612
"22-02-23,12:10:40,",21.35500114,56.9282063,21.3790341,55.69413291,86.03189136,0,601.6294556
"22-02-23,12:10:42,",21.35233082,56.9282063,21.39238575,55.69604028,85.76333257,0,601.8916626
"22-02-23,12:10:45,",21.33897917,56.88815137,21.34699016,55.64644846,85.56649119,0,601.3642578
"22-02-23,12:10:47,",21.35500114,56.88815137,21.3603418,55.64263371,85.37270161,0,601.2325439
"22-02-23,12:10:49,",21.35500114,56.86907759,21.36301213,55.64072633,85.2231632,0,600.710022
"22-02-23,12:10:51,",21.33630884,56.93202106,21.3790341,55.66170748,85.07972839,0,599.9972534
"22-02-23,12:10:54,",21.37102312,56.94728008,21.35767147,55.69604028,84.89814603,0,598.8349609
"22-02-23,12:10:57,",21.35233082,56.98161288,21.35767147,55.70557717,84.71503777,0,598.8555908
"22-02-23,12:10:59,",21.33363851,57.0140383,21.33897917,55.70748455,84.57770657,0,599.0673218
"22-02-23,12:11:01,",21.36301213,57.02929732,21.34699016,55.72655833,84.43579767,0,599.2053223
"22-02-23,12:11:04,",21.36835279,57.02929732,21.35233082,55.73418784,84.28015564,0,598.7404175
"22-02-23,12:11:06,",21.36835279,57.42984665,21.36301213,55.87151904,84.16113527,0,598.8307495
"22-02-23,12:11:08,",21.34699016,57.65110246,21.36835279,56.05653468,84.0421149,0,598.6508179
"22-02-23,12:11:11,",21.35500114,57.49088273,21.35767147,56.19958801,83.96276799,0,598.1739502
"22-02-23,12:11:13,",21.3416495,57.30395972,21.36568246,56.18432898,83.8300145,0,598.0645142
"22-02-23,12:11:15,",21.35767147,57.14946212,21.38170443,56.0717937,83.75677119,0,597.883728
"22-02-23,12:11:18,",21.35233082,57.0827039,21.36835279,56.00503548,83.60570687,0,597.9995117
"22-02-23,12:11:20,",21.35233082,57.00640879,21.35500114,55.88868544,83.52788586,0,597.7171631
"22-02-23,12:11:22,",21.36835279,57.00640879,21.3603418,55.80285344,83.45464256,0,596.5796509
"22-02-23,12:11:25,",21.34431983,56.98352026,21.3603418,55.76661326,83.36919203,0,596.1103516
"22-02-23,12:11:27,",21.3603418,56.94728008,21.35233082,55.7627985,83.28679332,0,596.2609253
"22-02-23,12:11:29,",21.36301213,56.93965057,21.37102312,55.73228046,83.24406806,0,596.614563
"22-02-23,12:11:31,",21.34966049,56.92439155,21.35767147,55.73418784,83.11741817,0,596.5812378
"22-02-23,12:11:34,",21.37102312,56.95681697,21.35500114,55.70557717,83.07164111,0,596.3930054
"22-02-23,12:11:37,",21.35500114,56.92439155,21.36301213,55.69604028,82.9968719,0,596.0485229
"22-02-23,12:11:39,",21.36301213,56.9282063,21.36835279,55.6865034,82.95567254,0,596.1278076
"22-02-23,12:11:41,",21.36568246,56.93583581,21.34699016,55.69031815,82.88242924,0,595.4511108
"22-02-23,12:11:47,",21.35233082,56.91294728,21.35767147,55.68078126,82.80460822,0,594.5033569
"22-02-23,12:11:50,",21.33897917,56.9282063,21.37636378,55.66552224,82.80613413,0,594.4748535
"22-02-23,12:11:52,",21.3416495,56.93774319,21.36835279,55.67696651,82.73289082,0,595.0420532
"22-02-23,12:11:54,",21.35767147,56.94346532,21.35767147,55.68078126,82.66880293,0,594.8488159
"22-02-23,12:11:57,",21.36835279,56.89768826,21.36835279,55.6865034,82.6504921,0,594.3036499
"22-02-23,12:11:59,",21.35233082,56.84428168,21.35767147,55.64072633,82.6504921,0,593.7525024
"22-02-23,12:12:01,",21.37102312,56.85191119,21.33096818,55.63691157,82.61387045,0,593.4406738
"22-02-23,12:12:04,",21.3416495,56.86907759,21.3603418,55.63309682,82.59555962,0,593.3283691
"22-02-23,12:12:06,",21.34699016,56.84428168,21.3603418,55.62165255,82.57114519,0,593.0048828
"22-02-23,12:12:08,",21.3416495,56.84046693,21.34699016,55.60448615,82.57114519,0,593.4533081
"22-02-23,12:12:11,",21.35233082,56.82330053,21.37636378,55.60448615,82.55283436,0,593.1033325
"22-02-23,12:12:13,",21.3416495,56.82902266,21.34431983,55.60830091,82.54978256,0,593.0366821
"22-02-23,12:12:15,",21.33897917,56.82711528,21.33363851,55.58731975,82.5070573,0,592.9006348
"22-02-23,12:12:18,",21.35500114,56.81567102,21.30960555,55.53772793,82.52994583,0,592.8909302
"22-02-23,12:12:22,",21.33630884,56.77561608,21.33897917,55.59876402,82.50247959,0,592.4525146
"22-02-23,12:12:29,",21.32829786,56.81948577,21.31494621,55.59304189,82.54367895,0,592.8292847
"22-02-23,12:12:31,",21.32829786,56.82330053,21.31761654,55.61020829,82.49942779,0,593.5084839
"22-02-23,12:12:34,",21.33363851,56.81567102,21.3042649,55.64454108,82.48416876,0,593.6082764
"22-02-23,12:12:36,",21.31494621,56.86907759,21.31494621,55.65026322,82.48416876,0,593.7969971
"22-02-23,12:12:38,",21.31227588,56.82139315,21.28824292,55.65980011,82.51621271,0,594.2913208
"22-02-23,12:12:41,",21.3416495,56.82139315,21.31494621,55.67505913,82.50247959,0,594.7697754
"22-02-23,12:12:43,",21.33897917,56.87098497,21.29625391,55.669337,82.511635,0,595.5274658
"22-02-23,12:12:45,",21.33630884,56.86144808,21.31494621,55.67696651,82.49942779,0,595.6712646
"22-02-23,12:12:48,",21.33096818,56.83093004,21.29358358,55.67505913,82.47196155,0,595.6778564
"22-02-23,12:12:50,",21.33096818,56.81185626,21.29892424,55.64835584,82.52079042,0,595.4431763
"22-02-23,12:12:52,",21.32028687,56.8252079,21.29358358,55.68841077,82.52079042,0,595.5478516
"22-02-23,12:12:55,",21.3229572,56.81185626,21.3042649,55.65026322,82.52994583,0,595.7600708
"22-02-23,12:12:57,",21.31494621,56.80994888,21.31761654,55.66742962,82.52536812,0,595.9837036
"22-02-23,12:12:59,",21.33096818,56.81567102,21.30693523,55.65026322,82.54367895,0,596.1626587
"22-02-23,12:13:02,",21.31494621,56.80994888,21.30960555,55.65789273,82.54367895,0,595.9376831
"22-02-23,12:13:04,",21.3416495,56.82902266,21.30693523,55.64644846,82.56198978,0,595.6967773
"22-02-23,12:13:06,",21.32562753,56.81948577,21.31227588,55.65789273,82.54978256,0,595.7554932
"22-02-23,12:13:09,",21.3229572,56.84046693,21.30693523,55.65980011,82.58640421,0,595.8696289
"22-02-23,12:13:11,",21.33897917,56.83665217,21.29892424,55.65980011,82.5818265,0,595.9615479
"22-02-23,12:13:13,",21.33096818,56.87861448,21.28023194,55.67887388,82.62302586,0,596.1390381
"22-02-23,12:13:15,",21.30159457,56.89578088,21.28824292,55.68268864,82.63065537,0,595.9932861
"22-02-23,12:13:18,",21.32829786,56.86335546,21.28557259,55.68268864,82.59861143,0,596.2611084
"22-02-23,12:13:20,",21.3229572,56.86526284,21.28290227,55.6865034,82.67185473,0,595.7601929
"22-02-23,12:13:22,",21.3042649,56.88624399,21.27756161,55.67887388,82.67795834,0,595.4512329
"22-02-23,12:13:25,",21.3229572,56.89196612,21.29358358,55.69222553,82.67795834,0,595.3291626
"22-02-23,12:13:27,",21.3042649,56.8423743,21.27756161,55.69604028,82.68558785,0,595.194519
"22-02-23,12:13:29,",21.31761654,56.83283742,21.30693523,55.67887388,82.73289082,0,595.0865479
"22-02-23,12:13:32,",21.30960555,56.82711528,21.29358358,55.69604028,82.72831312,0,594.8919067
"22-02-23,12:13:34,",21.33096818,56.8423743,21.3042649,55.67696651,82.73746853,0,594.8616943
"22-02-23,12:13:36,",21.30960555,56.81757839,21.27222095,55.65598535,82.78171969,0,594.4356079
"22-02-23,12:13:39,",21.29892424,56.81567102,21.29358358,55.669337,82.7878233,0,594.7699585
"22-02-23,12:13:41,",21.30159457,56.80422675,21.26688029,55.6521706,82.78324559,0,594.9089355
"22-02-23,12:13:43,",21.3042649,56.81185626,21.27489128,55.64644846,82.79240101,0,595.1326904
"22-02-23,12:13:46,",21.30960555,56.80041199,21.27489128,55.64072633,82.86411841,0,595.0266113
"22-02-23,12:13:48,",21.3042649,56.74891279,21.26688029,55.64454108,82.82444495,0,595.1549683
"22-02-23,12:13:50,",21.33096818,56.77752346,21.28023194,55.65407797,82.84275578,0,594.7492065
"22-02-23,12:13:53,",21.30960555,56.77752346,21.29091325,55.63691157,82.89768826,0,594.6463623
"22-02-23,12:13:55,",21.31761654,56.7317464,21.26420996,55.6178378,82.9236286,0,594.0111694
"22-02-23,12:13:57,",21.30693523,56.78133822,21.26153964,55.63881895,82.93736172,0,594.0680542
"22-02-23,12:14:00,",21.28290227,56.81376364,21.25352865,55.59494926,82.96635386,0,593.8415527
"22-02-23,12:14:02,",21.29091325,56.78133822,21.27756161,55.62355993,82.96177615,0,593.7987061
"22-02-23,12:14:04,",21.28557259,56.78515297,21.28557259,55.63881895,82.9968719,0,593.7037964
"22-02-23,12:14:07,",21.29625391,56.79468986,21.24551766,55.6350042,83.04875257,0,592.9611816
"22-02-23,12:14:09,",21.29892424,56.79850462,21.27756161,55.62355993,83.01518273,0,593.2808838
"22-02-23,12:14:11,",21.31761654,56.80994888,21.28824292,55.65789273,83.04417487,0,593.4677124
"22-02-23,12:14:14,",21.30960555,56.78706035,21.25085832,55.64644846,83.07011521,0,593.5819092
"22-02-23,12:14:16,",21.30693523,56.78706035,21.25352865,55.62928206,83.08842603,0,593.6752319
"22-02-23,12:14:18,",21.28824292,56.76798657,21.23483635,55.65407797,83.08384833,0,593.4674683
"22-02-23,12:14:21,",21.28824292,56.73556115,21.28290227,55.59876402,83.11741817,0,593.0783081
"22-02-23,12:14:23,",21.29892424,56.79468986,21.240177,55.61974517,83.1387808,0,593.2634277
"22-02-23,12:14:25,",21.3042649,56.74128328,21.27222095,55.64263371,83.1387808,0,593.5613403
"22-02-23,12:14:28,",21.29091325,56.78515297,21.22949569,55.60639353,83.16624704,0,593.8242188
"22-02-23,12:14:30,",21.28290227,56.78706035,21.24284733,55.63309682,83.19066148,0,593.9632568
"22-02-23,12:14:32,",21.28824292,56.76417182,21.25352865,55.62355993,83.23186084,0,594.5054321
"22-02-23,12:14:35,",21.3042649,56.78324559,21.240177,55.67124437,83.23491264,0,594.6605835
"22-02-23,12:14:37,",21.27756161,56.75272755,21.26955062,55.61593042,83.2730602,0,594.6890869
"22-02-23,12:14:39,",21.28824292,56.74319066,21.26955062,55.64263371,83.27153429,0,595.1755371
"22-02-23,12:14:42,",21.29091325,56.75463493,21.24284733,55.64263371,83.30815595,0,595.0614624
"22-02-23,12:14:44,",21.30159457,56.76798657,21.240177,55.61020829,83.31883726,0,594.9727173
"22-02-23,12:14:46,",21.28824292,56.74700542,21.24818799,55.62737469,83.3463035,0,594.7620239
"22-02-23,12:14:49,",21.33897917,56.73746853,21.25619898,55.62928206,83.36766613,0,594.7789917
"22-02-23,12:14:51,",21.29091325,56.77561608,21.26420996,55.61593042,83.38597696,0,594.5049438
"22-02-23,12:14:53,",21.29625391,56.73937591,21.240177,55.61974517,83.42259861,0,594.7525635
"22-02-23,12:14:56,",21.29892424,56.74891279,21.26153964,55.60639353,83.4134432,0,594.9295044
"22-02-23,12:14:58,",21.28557259,56.73556115,21.25619898,55.60639353,83.43327993,0,595.0611572
"22-02-23,12:15:00,",21.28824292,56.73937591,21.25085832,55.60448615,83.4180209,0,595.2528076
"22-02-23,12:15:03,",21.3229572,56.75463493,21.25352865,55.62355993,83.47753109,0,595.4908447
"22-02-23,12:15:05,",21.27756161,56.75654231,21.24551766,55.63881895,83.49736782,0,595.2512207
"22-02-23,12:15:07,",21.28824292,56.73556115,21.26688029,55.63691157,83.49279011,0,595.6747437
"22-02-23,12:15:09,",21.3042649,56.79278248,21.240177,55.583505,83.57061112,0,595.977478
"22-02-23,12:15:12,",21.28824292,56.78133822,21.240177,55.61593042,83.54619669,0,596.116333
"22-02-23,12:15:14,",21.29091325,56.78706035,21.24551766,55.65026322,83.56908522,0,596.4256592
"22-02-23,12:15:16,",21.28824292,56.84046693,21.25886931,55.69794766,83.6209659,0,596.5475464
"22-02-23,12:15:19,",21.3042649,56.84809644,21.21614405,55.6350042,83.58434424,0,596.0646362
"22-02-23,12:15:21,",21.27756161,56.84046693,21.240177,55.69222553,83.60723278,0,595.954834
"22-02-23,12:15:23,",21.28824292,56.87289235,21.25352865,55.67124437,83.60265507,0,596.1497803
"22-02-23,12:15:26,",21.26688029,56.88052186,21.25886931,55.69794766,83.63469902,0,596.1375732
"22-02-23,12:15:28,",21.28557259,56.8938735,21.25352865,55.72846571,83.67589837,0,596.1386108
"22-02-23,12:15:30,",21.28557259,56.93011368,21.25085832,55.75516899,83.71709773,0,595.9326172
"22-02-23,12:15:33,",21.29358358,56.93965057,21.25886931,55.73800259,83.68963149,0,596.0372314
"22-02-23,12:15:35,",21.28023194,56.9797055,21.240177,55.78377966,83.72167544,0,595.519043
"22-02-23,12:15:39,",21.28023194,56.91294728,21.25352865,55.76470588,83.75371939,0,595.6430054
"22-02-23,12:15:41,",21.29625391,56.98542763,21.240177,55.77424277,83.79797055,0,595.9516602
"22-02-23,12:15:44,",21.28824292,56.9625391,21.26688029,55.8142977,83.79339284,0,595.7408447
"22-02-23,12:15:46,",21.30159457,56.94346532,21.25619898,55.79331655,83.81628138,0,595.9564209
"22-02-23,12:15:48,",21.29892424,56.95109483,21.26153964,55.79331655,83.80865187,0,596.1529541
"22-02-23,12:15:51,",21.28557259,56.92248417,21.24284733,55.82383459,83.89562829,0,595.7868042
"22-02-23,12:15:53,",21.27756161,56.93392844,21.26688029,55.79140917,83.89410239,0,596.1074219
"22-02-23,12:15:55,",21.28290227,56.96444648,21.22949569,55.76470588,83.89410239,0,595.9405518
"22-02-23,12:15:58,",21.27756161,56.93965057,21.23483635,55.75326162,83.87731746,0,595.6426392
"22-02-23,12:16:00,",21.27756161,56.92629892,21.25085832,55.7799649,83.93072404,0,595.2069702
"22-02-23,12:16:02,",21.26955062,56.89768826,21.22949569,55.75516899,83.90783551,0,595.2797241
"22-02-23,12:16:05,",21.26688029,56.89578088,21.26420996,55.7799649,83.94140536,0,595.4683228
"22-02-23,12:16:07,",21.27222095,56.87479973,21.23216602,55.75516899,83.95361257,0,595.7805176
"22-02-23,12:16:10,",21.28290227,56.89768826,21.25619898,55.75707637,83.94598306,0,596.232666
"22-02-23,12:16:12,",21.28824292,56.91485466,21.25352865,55.7456321,84.04974441,0,596.227478
"22-02-23,12:16:14,",21.27756161,56.90913252,21.23750668,55.75898375,84.02685588,0,596.2685547
"22-02-23,12:16:16,",21.28557259,56.92629892,21.25352865,55.75516899,84.04974441,0,595.954834
"22-02-23,12:16:19,",21.28023194,56.89768826,21.26153964,55.7627985,84.0421149,0,595.812561
"22-02-23,12:16:21,",21.28824292,56.89959564,21.25352865,55.73990997,84.01007095,0,595.772583
"22-02-23,12:16:23,",21.28557259,56.92629892,21.22949569,55.75326162,84.07415885,0,595.9817505
"22-02-23,12:16:26,",21.28023194,56.89768826,21.24818799,55.76852064,84.1092546,0,596.1070557
"22-02-23,12:16:28,",21.29091325,56.92248417,21.22949569,55.80094606,84.10467689,0,595.8027954
"22-02-23,12:16:30,",21.28824292,56.9282063,21.240177,55.7971313,84.10467689,0,595.6776733
"22-02-23,12:16:33,",21.27489128,56.92629892,21.21881437,55.78187228,84.13366903,0,595.6395264
"22-02-23,12:16:35,",21.26688029,56.91294728,21.22949569,55.80857557,84.15503166,0,595.9849243
"22-02-23,12:16:37,",21.29091325,56.93774319,21.2214847,55.80094606,84.13366903,0,595.4256592
"22-02-23,12:16:40,",21.26153964,56.95109483,21.22949569,55.81620508,84.15197986,0,595.1752319
"22-02-23,12:16:42,",21.27222095,56.9797055,21.21881437,55.8142977,84.21911955,0,595.2147217
"22-02-23,12:16:44,",21.26688029,57.00259403,21.21347372,55.82001984,84.22369726,0,595.390686
"22-02-23,12:16:47,",21.26153964,56.99496452,21.21347372,55.85053788,84.24200809,0,595.0739136
"22-02-23,12:16:49,",21.26420996,57.02548257,21.21347372,55.88868544,84.26489662,0,595.1863403
"22-02-23,12:16:51,",21.26688029,57.07698177,21.20012207,55.89822232,84.21911955,0,594.8457031
"22-02-23,12:16:54,",21.26153964,57.04455634,21.20546273,55.92301823,84.26184482,0,594.9755249
"22-02-23,12:16:56,",21.26688029,57.0483711,21.19745174,55.93636988,84.27100023,0,595.2417603
"22-02-23,12:16:58,",21.26688029,57.05218585,21.20546273,55.93064775,84.26642252,0,595.0009155
"22-02-23,12:17:01,",21.27756161,57.09796292,21.2214847,55.93636988,84.30762188,0,594.9866943
"22-02-23,12:17:03,",21.26955062,57.09224079,21.19478141,55.94972152,84.31525139,0,594.7237549
"22-02-23,12:17:05,",21.27489128,57.08079652,21.19211109,55.98023957,84.30609598,0,595.0040894
"22-02-23,12:17:08,",21.26153964,57.10559243,21.19478141,55.96498054,84.31525139,0,595.0026245
"22-02-23,12:17:10,",21.25352865,57.0827039,21.18142977,55.96498054,84.36102846,0,594.8283691
"22-02-23,12:17:12,",21.27489128,57.09224079,21.21614405,55.99359121,84.3884947,0,595.2322998
"22-02-23,12:17:15,",21.24818799,57.09414817,21.2027924,55.98023957,84.35187304,0,595.0848389
"22-02-23,12:17:17,",21.26153964,57.12275883,21.2027924,55.98786908,84.39917601,0,594.9170532
"22-02-23,12:17:19,",21.26420996,57.14373999,21.19745174,56.00885023,84.3884947,0,595.029541
"22-02-23,12:17:22,",21.25619898,57.13801785,21.2027924,56.0031281,84.41290913,0,595.1054688
"22-02-23,12:17:24,",21.24284733,57.14373999,21.21614405,56.02983139,84.42664225,0,595.1530151
"22-02-23,12:17:26,",21.26153964,57.13038834,21.19211109,56.01457237,84.44342718,0,595.1990967
"22-02-23,12:17:29,",21.26153964,57.15518425,21.19211109,56.05081254,84.47241932,0,595.3083496
"22-02-23,12:17:31,",21.22949569,57.10749981,21.18142977,56.00694285,84.49530785,0,595.5255127
"22-02-23,12:17:33,",21.26688029,57.18188754,21.18142977,56.02983139,84.46784161,0,595.8234253
"22-02-23,12:17:36,",21.25352865,57.1685359,21.19211109,56.03364614,84.51209277,0,596.1546631
"22-02-23,12:17:38,",21.25085832,57.18379492,21.22682536,56.05271992,84.53955901,0,596.192688
"22-02-23,12:17:40,",21.25619898,57.13992523,21.19478141,56.03364614,84.57160296,0,595.9707031
"22-02-23,12:17:42,",21.25085832,57.16472114,21.19745174,56.06225681,84.55329213,0,595.5524902
"22-02-23,12:17:45,",21.25619898,57.14946212,21.1841001,56.06034943,84.5960174,0,595.5492554
"22-02-23,12:17:47,",21.25085832,57.16090639,21.20012207,56.0546273,84.57160296,0,595.0373535
"22-02-23,12:17:49,",21.25352865,57.17616541,21.20546273,56.07560845,84.58686198,0,594.4370728
"22-02-23,12:17:52,",21.24284733,57.11894408,21.2027924,56.04318303,84.60975051,0,594.2977295
"22-02-23,12:17:54,",21.25085832,57.17616541,21.20012207,56.04699779,84.62348363,0,595.0212402
"22-02-23,12:17:56,",21.26955062,57.18951705,21.18677043,56.0717937,84.61738003,0,594.9329224
"22-02-23,12:17:59,",21.25886931,57.17616541,21.20546273,56.06797894,84.65094987,0,594.432312
"22-02-23,12:18:01,",21.26955062,57.15899901,21.19211109,56.08514534,84.64179446,0,594.1553345
"22-02-23,12:18:03,",21.26153964,57.17044327,21.21881437,56.05081254,84.67689021,0,594.0853882
"22-02-23,12:18:06,",21.26955062,57.19333181,21.2027924,56.04699779,84.67689021,0,594.140686
"22-02-23,12:18:08,",21.27756161,57.16281376,21.18677043,56.04890517,84.68299382,0,594.7332764
"22-02-23,12:18:10,",21.27489128,57.16281376,21.20012207,56.05844205,84.71961547,0,594.6318359
"22-02-23,12:18:13,",21.240177,57.17807279,21.21347372,56.06797894,84.69672694,0,594.4989624
"22-02-23,12:18:15,",21.24551766,57.17616541,21.21347372,56.04127565,84.67841611,0,594.7855225
"22-02-23,12:18:17,",21.25085832,57.2028687,21.18142977,56.04890517,84.73334859,0,594.7265625
"22-02-23,12:18:20,",21.24551766,57.19523919,21.2027924,56.09849699,84.74555581,0,595.4557495
"22-02-23,12:18:22,",21.26420996,57.18951705,21.17608911,56.05271992,84.72877089,0,595.5524902
"22-02-23,12:18:24,",21.25085832,57.18379492,21.20012207,56.06607156,84.78675517,0,595.9328613
"22-02-23,12:18:27,",21.25085832,57.1685359,21.1841001,56.06034943,84.78675517,0,596.3838501
"22-02-23,12:18:29,",21.25619898,57.16090639,21.19745174,56.07370108,84.79591058,0,596.8410034
"22-02-23,12:18:31,",21.26153964,57.1857023,21.17875944,56.07560845,84.78217746,0,596.803894
"22-02-23,12:18:34,",21.26153964,57.22575723,21.1841001,56.07942321,84.81422141,0,597.0437622
"22-02-23,12:18:36,",21.25352865,57.19905394,21.19478141,56.06988632,84.81422141,0,597.104187
"22-02-23,12:18:38,",21.25352865,57.18760967,21.18142977,56.06607156,84.84779126,0,597.0543213
"22-02-23,12:18:41,",21.240177,57.21431296,21.1841001,56.0717937,84.85542077,0,597.4180298
"22-02-23,12:18:43,",21.26420996,57.17425803,21.19211109,56.09277485,84.82948043,0,597.6241455
"22-02-23,12:18:45,",21.26955062,57.21240558,21.19478141,56.10040436,84.85999847,0,598.0601807
"22-02-23,12:18:48,",21.25352865,57.19142443,21.19211109,56.1404593,84.8783093,0,597.9215088
"22-02-23,12:18:50,",21.25085832,57.2028687,21.18142977,56.11566339,84.8783093,0,597.2975464
"22-02-23,12:18:52,",21.24284733,57.21049821,21.18142977,56.07751583,84.93018997,0,596.8768921
"22-02-23,12:18:55,",21.26153964,57.20859083,21.18142977,56.10421912,84.90119783,0,597.5664063
"22-02-23,12:18:57,",21.24818799,57.20668345,21.18944076,56.13092241,84.93324178,0,597.7097778
"22-02-23,12:18:59,",21.23483635,57.2028687,21.18142977,56.13473716,84.95307851,0,597.6605835
"22-02-23,12:19:02,",21.25085832,57.21049821,21.18677043,56.11184863,84.93781949,0,597.1484985
"22-02-23,12:19:04,",21.25085832,57.19142443,21.18142977,56.08705272,84.95613031,0,596.9074707
"22-02-23,12:19:06,",21.240177,57.22957198,21.17074846,56.11375601,84.94392309,0,597.3640137
"22-02-23,12:19:08,",21.26420996,57.22575723,21.17608911,56.13282979,84.96223392,0,597.2404785
"22-02-23,12:19:11,",21.26153964,57.21622034,21.1841001,56.13473716,84.97444114,0,596.5968628
"22-02-23,12:19:13,",21.22949569,57.27534905,21.20012207,56.11757076,84.95613031,0,596.3352661
"22-02-23,12:19:15,",21.22949569,57.25246052,21.18142977,56.17860685,84.98817426,0,596.4028931
"22-02-23,12:19:18,",21.25085832,57.26390478,21.17875944,56.16906996,84.99885557,0,597.0105591
"22-02-23,12:19:20,",21.24551766,57.29633021,21.1841001,56.14236667,85.0156405,0,597.4068604
"22-02-23,12:19:22,",21.25886931,57.28297856,21.19478141,56.17860685,84.99885557,0,597.2874756
"22-02-23,12:19:25,",21.25886931,57.27725643,21.18142977,56.18051423,85.0156405,0,597.461853
"22-02-23,12:19:27,",21.25085832,57.27344167,21.1841001,56.16144045,85.00190738,0,597.4665527
"22-02-23,12:19:29,",21.23750668,57.28679332,21.19211109,56.16525521,85.02174411,0,597.1177979
"22-02-23,12:19:32,",21.23750668,57.29060807,21.16807813,56.16716258,85.04310674,0,596.9021606
"22-02-23,12:19:34,",21.25352865,57.27725643,21.19745174,56.16334783,85.03089952,0,596.9576416
"22-02-23,12:19:36,",21.23483635,57.28679332,21.17074846,56.14999619,85.07667659,0,597.0623169
"22-02-23,12:19:39,",21.22682536,57.28107118,21.18142977,56.16716258,85.05683986,0,597.3191528
"22-02-23,12:19:41,",21.22415503,57.28297856,21.18677043,56.15953307,85.07515068,0,597.4523315
"22-02-23,12:19:43,",21.24284733,57.29060807,21.16807813,56.17669947,85.07972839,0,597.2937012
"22-02-23,12:19:46,",21.24551766,57.28679332,21.18142977,56.18432898,85.05683986,0,597.4275513
"22-02-23,12:19:48,",21.240177,57.27344167,21.18677043,56.17097734,85.10719463,0,597.5822754
"22-02-23,12:19:50,",21.240177,57.29633021,21.2027924,56.18432898,85.085832,0,597.5615845
"22-02-23,12:19:53,",21.25085832,57.29633021,21.18142977,56.17860685,85.10719463,0,597.2721558
"22-02-23,12:19:55,",21.24284733,57.29633021,21.19211109,56.15571832,85.13618677,0,597.1035767
"22-02-23,12:19:57,",21.26153964,57.29823758,21.18944076,56.15571832,85.09346151,0,597.2705688
"22-02-23,12:20:00,",21.25085832,57.30395972,21.17875944,56.14999619,85.13160906,0,597.7233887
"22-02-23,12:20:02,",21.22415503,57.30205234,21.17608911,56.1576257,85.14534218,0,597.2081299
"22-02-23,12:20:04,",21.25085832,57.30968185,21.19478141,56.18623636,85.16670481,0,597.4038086
"22-02-23,12:20:07,",21.240177,57.27725643,21.17875944,56.14999619,85.14991989,0,597.3492432
"22-02-23,12:20:09,",21.22682536,57.3649958,21.18944076,56.22819867,85.20943008,0,597.352356
"22-02-23,12:20:11,",21.24284733,57.66636149,21.18142977,56.37697414,85.19111925,0,597.3101807
"22-02-23,12:20:14,",21.22415503,58.01922637,21.18944076,56.59632258,85.20485237,0,597.7234497
